title,description,image,Source,category,text_cleaned
"Baha’i House of Worship, Wilmette","Overlooking glittering Wilmette Harbor and Lake Michigan, the Baha’i Temple rises like an ivory jewel catching the sunlight of longer days. The arabesque panels embrace natural light during the day and illuminate from within at night. This stunning site has no bad sides so budding photographers can stroll nine circular fragrant gardens and fountains to catch all her beautiful angles (for selfies or otherwise). Nearby Convito will spoil you after a morning visit with their incredible brunch menu featuring European delights from Beignets to Classic Mussels followed by Classic Eggs Benedicts or Tuscan Grilled Atlantic Salmon (wine and cocktails, too).",https://www.visitchicagonorthshore.com/images/blog/AprBlog1_Bahai1.jpg,Chicago North Shore,spring,overlooking glittering wilmette harbor lake michigan baha temple rise like ivory jewel catching sunlight longer day arabesque panel embrace natural light day illuminate within night stunning site bad side budding photographer stroll nine circular fragrant garden fountain catch beautiful angle selfies otherwise nearby convito spoil morning visit incredible brunch menu featuring european delight beignet classic mussel followed classic egg benedict tuscan grilled atlantic salmon wine cocktail
"Chicago Botanic Garden, Glencoe","Binoculars encouraged! The most expansive view of changing seasons is the renown Chicago Botanic Garden. Take a self-guided meander across their 385 acres of natural beauty. Or sign up for a Seasonal Tree Walk (Wednesdays) or Spring Bird Walk (Saturdays, Thursdays). To keep the plant-tastique vibe going, enjoy lunch or dinner at Spirit Elephant, a new peak in vegetarian cuisine. Entrees shine like the Meatless Loaf Bourguignon (red wine mushroom gravy, asparagus, carrots, mashed potatoes) with hand-crafted and seasonal cocktails.",https://www.visitchicagonorthshore.com/images/blog/Apr24Blog1_CBG2.jpg,Chicago North Shore,spring,binoculars encouraged expansive view changing season renown chicago botanic garden take self guided meander across acre natural beauty sign seasonal tree walk wednesday spring bird walk saturday thursday keep plant tastique vibe going enjoy lunch dinner spirit elephant new peak vegetarian cuisine entree shine like meatless loaf bourguignon red wine mushroom gravy asparagus carrot mashed potato hand crafted seasonal cocktail
"Northshore Sculpture Park, Skokie","Picture perfect for a walk or bike ride short or long, this park runs for two miles like a lavish ribbon along the north channel of the Chicago River. Free and accessible to all, the outdoor museum showcases 70+ sculptures both figurative and abstract in bronze, copper, steel, concrete, and salvaged objects. With picnic areas dotted along the way, get sustenance for your art adventure with sandwiches from mission-driven Will’s Place. Coffee shop by morning, their afternoon sandwich fare is delish from a Rueben or Hot Dog to Truffled Grilled Cheese.",https://www.visitchicagonorthshore.com//images/blog/Apr24Blog1_SkokieScuplture.jpg,Chicago North Shore,spring,picture perfect walk bike ride short long park run two mile like lavish ribbon along north channel chicago river free accessible outdoor museum showcase sculpture figurative abstract bronze copper steel concrete salvaged object picnic area dotted along way get sustenance art adventure sandwich mission driven place coffee shop morning afternoon sandwich fare delish rueben hot dog truffled grilled cheese
"River Trail Nature Center, Northbrook","Pick from three walking trails on the River Trail Nature Center grounds through floodplain forest, wetlands, woodlands, and an ancient remnant of sugar maple-basswood forest. The mix of habitats hosts an amazing variety of birds, plants, and wildlife. Hit the Center at feeding time to see ambassador animals up close or DIY the GPS Scavenger Hunt, a technology-inspired tour. Bookend a hunt or hike at famed Jewish-American deli and bakery Max and Benny’s. Potato pancakes, blintzes, or a breakfast burrito energize before embarking or go nuts at the deli counter.",https://www.visitchicagonorthshore.com/images/blog/Apr24Blog1_RiverTrail4.jpg,Chicago North Shore,spring,pick three walking trail river trail nature center ground floodplain forest wetland woodland ancient remnant sugar maple basswood forest mix habitat host amazing variety bird plant wildlife hit center feeding time see ambassador animal close diy gps scavenger hunt technology inspired tour bookend hunt hike famed jewish american deli bakery max benny potato pancake blintz breakfast burrito energize embarking go nut deli counter
"The Grove National Historic Landmark, Glenview","The intersection of history and nature, The Grove spreads across 150 acres of ecologically-diverse trails winding through oak-hickory savanna and wetland pools. A pit stop at the Interpretive Center to visit live birds, turtles, snakes, and fish is as entertaining as it is educational, as are the functioning Blacksmith Shop, Log Cabin, bark Longhouse, and restored Kennicott House. Then hit up Hangar Two, a next-level brewpub with its beautiful glass atrium. Along with their craft beers, the sunny brunch menu charms with options like the Paco: An affectionate pancake taco combo.",https://www.visitchicagonorthshore.com/images/blog/Apr24Blog1_Grove5.jpg,Chicago North Shore,spring,intersection history nature grove spread across acre ecologically diverse trail winding oak hickory savanna wetland pool pit stop interpretive center visit live bird turtle snake fish entertaining educational functioning blacksmith shop log cabin bark longhouse restored kennicott house hit hangar two next level brewpub beautiful glass atrium along craft beer sunny brunch menu charm option like paco affectionate pancake taco combo
Emily Oaks Nature Center,"Nature is truly appreciated at this 13 acre savanna and center. People of all ages enjoy this natural oasis full of native wildflowers, grasses, oak trees, three-acr...","https://assets.simpleviewinc.com/simpleview/image/upload/c_fit,w_225,h_225/crm/cnscvb/Skokie_Emily_Oaks_Nature_Center0_a9655d1d-5056-a348-3ae2837cbf71ca88.png",Chicago North shore,family fun,nature truly appreciated acre savanna center people age enjoy natural oasis full native wildflower grass oak tree three acr
Evanston Beaches,"Swimming, boating, picnicking, and tennis facilities are available with miles of pretty biking and jogging paths along Lake Michigan. Beaches locations: Lighthouse B...","https://assets.simpleviewinc.com/simpleview/image/upload/c_fit,w_225,h_225/crm/cnscvb/Evanston_Beaches0_a97483f4-5056-a348-3a6c8fadda9e2abb.png",Chicago North shore,family fun,swimming boating picnicking tennis facility available mile pretty biking jogging path along lake michigan beach location lighthouse b
Exploritorium,"A great place for youngsters to play, especially when the weather is unpleasant. Children and adults can explore together through lots of interactive stations. Make-...","https://assets.simpleviewinc.com/simpleview/image/upload/c_fit,w_225,h_225/crm/cnscvb/Skokie_Exploritorium0_a974241f-5056-a348-3aabe6b5cb664526.png",Chicago North shore,family fun,great place youngster play especially weather unpleasant child adult explore together lot interactive station make
Funtopia Adventure Park,"A large, active entertainment facility that combines sports and fun with numerous attractions such as indoor climbing walls, a rope course, a caving system, and more...","https://assets.simpleviewinc.com/simpleview/image/upload/c_fit,w_225,h_225/crm/cnscvb/Funtopia.jpg10-0b515a675056a34_0b515bba-5056-a348-3a3e301838137d6f.jpg",Chicago North shore,family fun,large active entertainment facility combine sport fun numerous attraction indoor climbing wall rope course caving system
Glencoe Beach,"Right in your own backyard is Lake Michigan's most beautiful spot on the North Shore, Glencoe Beach. The beach is ideal for group and family outings, work picnics, o...","https://assets.simpleviewinc.com/simpleview/image/upload/c_fit,w_225,h_225/crm/cnscvb/beach10_a93028a5-5056-a348-3a66b9117cbb72ed.jpg",Chicago North shore,family fun,right backyard lake michigan 's beautiful spot north shore glencoe beach beach ideal group family outing work picnic
Grove National Historic Landmark,"The Grove offers 145 acres of nature preserve with trails to walk through woodland, prairie and natural wetlands. Visitors will enjoy the Interpretive Center filled ...","https://assets.simpleviewinc.com/simpleview/image/upload/c_fit,w_225,h_225/crm/cnscvb/Glenview_The_Grove0_a970480c-5056-a348-3a9f0ac3644531af.png",Chicago North shore,family fun,grove offer acre nature preserve trail walk woodland prairie natural wetland visitor enjoy interpretive center filled
Halim Time and Glass Museum,"The museum showcases two magnificent collections of time pieces and stained glass by America's greatest artists. Housing more than 1,100 pieces from around the worl...","https://assets.simpleviewinc.com/simpleview/image/upload/c_fit,w_225,h_225/crm/cnscvb/HalimMuseum0-c2c12ae75056a34_c2c12d47-5056-a348-3ab9ccbc0de0210d.jpg",Chicago North shore,family fun,museum showcase two magnificent collection time piece stained glass america 's greatest artist housing piece around worl
Heritage Park,"Heritage Park is a 100+ acre nature, recreation and community gathering place. Offering something for everyone including 10-acre Lake Heritage with breathtaking scen...","https://assets.simpleviewinc.com/simpleview/image/upload/c_fit,w_225,h_225/crm/cnscvb/Wheeling_Heritage_Park1_a940a223-5056-a348-3a6e0c65a9e379d6.png",Chicago North shore,family fun,heritage park acre nature recreation community gathering place offering something everyone including acre lake heritage breathtaking scen
Historic Wagner Farm,One of the last working dairy farms in Cook County is open to the public for recreation and learning. Explore the world of American agriculture and rural life as it ...,"https://assets.simpleviewinc.com/simpleview/image/upload/c_fit,w_225,h_225/crm/cnscvb/Glenview_Wagner_Farm_20_a96aa48f-5056-a348-3a37b28ec0d11fba.png",Chicago North shore,family fun,one last working dairy farm cook county open public recreation learning explore world american agriculture rural life
Ignite Gaming,The premier gaming venue to play hundreds of PC and console games with your friends while enjoying food and drinks! Open until 3am daily....,"https://assets.simpleviewinc.com/simpleview/image/upload/c_fit,w_225,h_225/crm/cnscvb/IgniteGaming0-4bf587f45056a34_4bf58930-5056-a348-3a0b5b19de42099b.jpg",Chicago North shore,family fun,premier gaming venue play hundred pc console game friend enjoying food drink open daily
JCC Chicago /Bernard Weinger JCC,"Bernard Weinger JCC features an indoor, 25-yard swimming pool, 7,000 sq. foot gymnasium, multi-purpose rooms, outdoor field space and Lustbader Health Club, a boutiq...","https://assets.simpleviewinc.com/simpleview/image/upload/c_fit,w_225,h_225/crm/cnscvb/Lobby-Space_Weinger.meetingjpg-1--b3b6a0645056a34_b3b6a2d5-5056-a348-3a91e5f21492fa1b.jpg",Chicago North shore,family fun,bernard weinger jcc feature indoor yard swimming pool sq foot gymnasium multi purpose room outdoor field space lustbader health club boutiq
Kohl Children's Museum,"Offering hands-on, interactive exhibits designed exclusively for children. Learning is fun and interesting here. A visit to a grocery store, a veterinarian's office ...","https://assets.simpleviewinc.com/simpleview/image/upload/c_fit,w_225,h_225/crm/cnscvb/Glenview_Kohl_Childrens_Museum_10_a963da5c-5056-a348-3ab8754a2673546e.png",Chicago North shore,family fun,offering hand interactive exhibit designed exclusively child learning fun interesting visit grocery store veterinarian 's office
Ladd Memorial Arboretum & Evanston Ecology Center,"Stretching along a three-quarter mile segment of McCormick Boulevard on a narrow, 23 acre strip of reclaimed land following the diagonal course of the North Shore Ch...","https://assets.simpleviewinc.com/simpleview/image/upload/c_fit,w_225,h_225/crm/cnscvb/Evanston_Ladd_Memorial_Arboretum_and_Evanston_Ecology_Center0_a9632f3a-5056-a348-3a456c1328c018bc.png",Chicago North shore,family fun,stretching along three quarter mile segment mccormick boulevard narrow acre strip reclaimed land following diagonal course north shore ch
Lock Chicago - Escape Rooms,"Lock Chicago Escape Rooms in Evanston is excited to announce our brand new experience, ""Icarus"" to our new facility at 2510 Green Bay Road! Your team is tasked with ...","https://assets.simpleviewinc.com/simpleview/image/upload/c_fit,w_225,h_225/crm/cnscvb/LockChicago0-ea32a18a5056a34_ea32a3ab-5056-a348-3a3a035a8163bd6a.jpg",Chicago North shore,family fun,lock chicago escape room evanston excited announce brand new experience `` icarus '' new facility green bay road team tasked
North Shore Sports Center,"North Shore's top choice when planning impactful interaction. The 96,000 square foot Sports and Events Center combines state-of-the-art indoor fields, courts and ada...","https://assets.simpleviewinc.com/simpleview/image/upload/c_fit,w_225,h_225/crm/cnscvb/Northbrook_The_Accelerated_Center0_a9784fc7-5056-a348-3a6f14feaa881370.png",Chicago North shore,family fun,north shore 's top choice planning impactful interaction square foot sport event center combine state art indoor field court ada
Pinstripes,"Take a break from routine and gather with family and friends where sophistication meets fun at this distinctive 40,000 sq ft. dining and entertainment venue with 18 ...","https://assets.simpleviewinc.com/simpleview/image/upload/c_fit,w_225,h_225/crm/cnscvb/Northbrook_Pinstripes0_a95c5fbe-5056-a348-3afa7038c918e4be.png",Chicago North shore,family fun,take break routine gather family friend sophistication meet fun distinctive sq ft dining entertainment venue
Skatium Ice Arena,"Listen closely and you can hear the echoes of legends Scott Hamilton, Denis Savard, Evan Lysacek, Sasha Cohen and Stan Mikita. Whether your preference is hockey, fig...","https://assets.simpleviewinc.com/simpleview/image/upload/c_fit,w_225,h_225/crm/cnscvb/Skokie_Skatium_Ice_Arena0_a958cc93-5056-a348-3afbe5d9c3e2a696.png",Chicago North shore,family fun,listen closely hear echo legend scott hamilton denis savard evan lysacek sasha cohen stan mikita whether preference hockey fig
Skokie Sports Park,"Featuring one of the top 100 rated golf ranges in the U.S., complete with a two-tier, 40 station range with an automatic tee-up system. The driving range features a...","https://assets.simpleviewinc.com/simpleview/image/upload/c_fit,w_225,h_225/crm/cnscvb/Skokie_Skokie_Sports_Park0_a95741c6-5056-a348-3a649ad27a049771.png",Chicago North shore,family fun,featuring one top rated golf range u complete two tier station range automatic tee system driving range feature
Skokie Water Playground,"This fun facility features include five slides, a fully-accessible Sprayground, and interactive multi-level play area. The large splashing water bucket is always a h...","https://assets.simpleviewinc.com/simpleview/image/upload/c_fit,w_225,h_225/crm/cnscvb/Skokie_Skokie_Water_Playground0_a9567fe0-5056-a348-3a7c7dd387394c27.png",Chicago North shore,family fun,fun facility feature include five slide fully accessible sprayground interactive multi level play area large splashing water bucket always h
Splash Landings,"No matter what the season, there’s always plenty of water fun at the Glenview Park District’s four-pool indoor aquatic center. Bring the whole family to enjoy the Pl...","https://assets.simpleviewinc.com/simpleview/image/upload/c_fit,w_225,h_225/crm/cnscvb/Glenview_Splash_Landings0_a9556a64-5056-a348-3ae4997ea8e0d47d.jpg",Chicago North shore,family fun,matter season always plenty water fun glenview park district four pool indoor aquatic center bring whole family enjoy pl
The Talking Farm,"A non-profit dedicated to educating the community about agriculture, biodiversity, and horticulture. Using sustainable practices, they grove and distribute season pr...","https://assets.simpleviewinc.com/simpleview/image/upload/c_fit,w_225,h_225/crm/cnscvb/TalkingFarm0-9197e1335056a34_9197e320-5056-a348-3a93eafde1798cf7.jpg",Chicago North shore,family fun,non profit dedicated educating community agriculture biodiversity horticulture using sustainable practice grove distribute season pr
Weinberg Family Recreation Center,"Glencoe Park District’s outdoor refrigerated skating facility, operates (weather permitting) the day after Thanksgiving through February 25. This unique facility is ...","https://assets.simpleviewinc.com/simpleview/image/upload/c_fit,w_225,h_225/crm/cnscvb/watts10_a9304fb6-5056-a348-3aa83ee4db68aae1.jpg",Chicago North shore,family fun,glencoe park district outdoor refrigerated skating facility operates weather permitting day thanksgiving february unique facility
Wheeling Family Aquatic Center,"Make a SPLASH at the Wheeling Park District's Family Aquatic Center. Enjoy water playgrounds, water basketball, tube and body slides, drop slides, a zero depth pool,...","https://assets.simpleviewinc.com/simpleview/image/upload/c_fit,w_225,h_225/crm/cnscvb/Wheeling_Family_Aquatic_Center1_a9375fdb-5056-a348-3ae90a80fe44a639.png",Chicago North shore,family fun,make splash wheeling park district 's family aquatic center enjoy water playground water basketball tube body slide drop slide zero depth pool
Winnetka Beaches,"Over 23 acres of park land adjacent to scenic Lake Michigan. Operating three swim beaches (Elder Lane, Maple Street and Tower Road), one boat Launch and Sailing Cen...","https://assets.simpleviewinc.com/simpleview/image/upload/c_fit,w_225,h_225/crm/cnscvb/Winnetka_Beaches1_a953d4e6-5056-a348-3a3a12cd52af07b9.png",Chicago North shore,family fun,acre park land adjacent scenic lake michigan operating three swim beach elder lane maple street tower road one boat launch sailing cen
Winnetka Ice Arena,"Open September through May each year. Play hockey, practice your figure skating skills or enjoy a recreational skating or watch an Ice Show. The area features a fu...","https://assets.simpleviewinc.com/simpleview/image/upload/c_fit,w_225,h_225/crm/cnscvb/Winnetka_Ice_Arena1_a94d94c2-5056-a348-3aaa6e87d1eb148d.png",Chicago North shore,family fun,open september may year play hockey practice figure skating skill enjoy recreational skating watch ice show area feature fu
Winnetka Platform Tennis Facility and Paddle Hut,"Platform Tennis also known as paddle tennis is played outdoors in fall, winter and spring. The sport has many advantages: it’s easy to learn, it’s great exercise, it...","https://assets.simpleviewinc.com/simpleview/image/upload/c_fit,w_225,h_225/crm/cnscvb/Winnetka_Winnekta_Platform_Tennis_and_Paddle_Hut1_a94d6d8e-5056-a348-3a2bb74011135760.png",Chicago North shore,family fun,platform tennis also known paddle tennis played outdoors fall winter spring sport many advantage easy learn great exercise
,,/images/amenityYes.png,Chicago North shore,family fun,
,,/images/amenityYes.png,Chicago North shore,family fun,
,,/images/amenityYes.png,Chicago North shore,family fun,
,,/images/amenityYes.png,Chicago North shore,family fun,
,,/images/amenityYes.png,Chicago North shore,family fun,
,,/images/amenityYes.png,Chicago North shore,family fun,
,,/images/amenityYes.png,Chicago North shore,family fun,
Abt Electronics,"A family-run appliance and electronics store operating 350,000 square foot facility. Showcasing all the top brands. Virtually every brand name, high-end electronic p...","https://assets.simpleviewinc.com/simpleview/image/upload/c_fit,w_225,h_225/crm/cnscvb/Abt_B5A6EC17-5056-BF65-D635F02594638F7B-b5a6eb945056bf6_b5a6f91b-5056-bf65-d6e13c404fda58fe.jpg",Chicago North shore,Shopping,family run appliance electronics store operating square foot facility showcasing top brand virtually every brand name high end electronic p
Antiques & Porcelain by G.K.,"Gunther and Gerlinde Kornmesser have a passion for antiques, which was fostered at an early age by their families and continues to this day. GK’s encyclopedic knowle...","https://assets.simpleviewinc.com/simpleview/image/upload/c_fit,w_225,h_225/crm/cnscvb/Antiques-by-GK_9EA0ADAB-5056-A348-3A70874905F62E88-9ea0acf95056a34_9ea0ae1f-5056-a348-3ada4de425e06775.jpg",Chicago North shore,Shopping,gunther gerlinde kornmesser passion antique fostered early age family continues day gk encyclopedic knowle
Apricot Lane in the Glen,"This locally owned women’s boutique in The Glen Town Center carries a selection of clothing, accessories and gifts unique to any other location. The clothing is on-t...","https://assets.simpleviewinc.com/simpleview/image/upload/c_fit,w_225,h_225/crm/cnscvb/Apricot-Lane_9F0EB00D-5056-A348-3AE8A6AF0D54586B-9f0eaeae5056a34_9f0eb068-5056-a348-3a661e91898b1418.jpg",Chicago North shore,Shopping,locally owned woman boutique glen town center carry selection clothing accessory gift unique location clothing
Art Post Gallery,"Featuring the largest inventory of original art on the North Shore. Known for oil paintings, watercolors, etchings and vintage art by well-known artists from the Uni...","https://assets.simpleviewinc.com/simpleview/image/upload/c_fit,w_225,h_225/crm/cnscvb/Art-post-gallery_A034EAEE-5056-A348-3ABCFE0F4F4A0CAC-a034ea915056a34_a034eb3c-5056-a348-3ade004e530e762e.jpg",Chicago North shore,Shopping,featuring largest inventory original art north shore known oil painting watercolor etching vintage art well known artist uni
Artem Popup Gallery,"Owned and managed by artist Sarita Kamat and talented family, Artem is a handmade artisan gallery, showcasing beautiful jewelry, art, ceramics and pottery, woodwork,...","https://assets.simpleviewinc.com/simpleview/image/upload/c_fit,w_225,h_225/crm/cnscvb/ArtemPopUp0-95b91c785056a34_95b91d94-5056-a348-3ad0a9dae093f91e.jpg",Chicago North shore,Shopping,owned managed artist sarita kamat talented family artem handmade artisan gallery showcasing beautiful jewelry art ceramic pottery woodwork
Artsy Heart,An eclectic shop of handcrafted art located at The Glen Town Center. Shop a wide variety of local artists and mediums from large paintings to jewelry to one-of-a-kin...,"https://assets.simpleviewinc.com/simpleview/image/upload/c_fit,w_225,h_225/crm/cnscvb/ArtsyHeart_29BF2A11-E0A0-3BD1-4FAD2AC191C94174-29bf284ff391019_29bf323e-a50b-3866-4756f4d04e4811f2.jpg",Chicago North shore,Shopping,eclectic shop handcrafted art located glen town center shop wide variety local artist medium large painting jewelry one kin
Ayla's Originals,"When the bead shop where she purchased materials closed, this entrepreneur took a crazy chance and reopened it. The store is now a treasure trove of beads, gemstones...","https://assets.simpleviewinc.com/simpleview/image/upload/c_fit,w_225,h_225/crm/cnscvb/Evanston_Aylas_Originals0_a97797da-5056-a348-3ac29fa4999ad0cb.png",Chicago North shore,Shopping,bead shop purchased material closed entrepreneur took crazy chance reopened store treasure trove bead gemstone
BlackSheep General Store,"A general store selling gifts, housewares, baby items, spa products, jewelry, retro t-shirts, toys, and more with a focus on local, handmade, small batch merchandise...","https://assets.simpleviewinc.com/simpleview/image/upload/c_fit,w_225,h_225/crm/cnscvb/BlackSheep_0812F2A9-5056-A348-3A0F1F2B888A4478-0812f1c75056a34_0812f32e-5056-a348-3af2d9d6aae75f5f.jpg",Chicago North shore,Shopping,general store selling gift housewares baby item spa product jewelry retro shirt toy focus local handmade small batch merchandise
The Book Stall at Chestnut Court,"A general trade book store with a reputation for trustworthy customer service and a highly popular monthly newsletter with a distribution of 8,500. Hosting many aut...","https://assets.simpleviewinc.com/simpleview/image/upload/c_fit,w_225,h_225/crm/cnscvb/Winnetka_The_Book_Stall_at_Chestnut_Court1_a94fc3be-5056-a348-3af96421722fc448.png",Chicago North shore,Shopping,general trade book store reputation trustworthy customer service highly popular monthly newsletter distribution hosting many aut
Bookends and Beginnings,"Located in Bookman’s Alley in the heart of downtown Evanston, Bookends & Beginnings is a cozy independent bookstore offering new and used books, unique gifts includi...","https://assets.simpleviewinc.com/simpleview/image/upload/c_fit,w_225,h_225/crm/cnscvb/Evanston_Bookends_and_Beginnings20_a92cd320-5056-a348-3a3bed528a3f1d79.png",Chicago North shore,Shopping,located bookman alley heart downtown evanston bookend beginning cozy independent bookstore offering new used book unique gift includi
The Bottle Shop,The Bottle Shop carries more than 400 bottles of wine and huge selection of craft beer. You will find tasting bar with a lounge that has couches where you can share...,"https://assets.simpleviewinc.com/simpleview/image/upload/c_fit,w_225,h_225/crm/cnscvb/BottleShop_5C3A5A12-5056-BF65-D62A365B110B9253-5c3a57ef5056bf6_5c3a641a-5056-bf65-d6604db543eaa78a.jpg",Chicago North shore,Shopping,bottle shop carry bottle wine huge selection craft beer find tasting bar lounge couch share
Chalet Nursery,"One-stop destination for inspired landscape design, classically fresh products, curated home decor, and customer service that creates lifelong connections. Season af...","https://assets.simpleviewinc.com/simpleview/image/upload/c_fit,w_225,h_225/crm/cnscvb/Chalet_7712F76F-5056-BF65-D63EA86565B30F12-7712f40e5056bf6_771302c8-5056-bf65-d6bae6956e74d016.jpg",Chicago North shore,Shopping,one stop destination inspired landscape design classically fresh product curated home decor customer service creates lifelong connection season af
Chicago Botanic Garden Gift Shop,"Unique finds to delight gardeners, cooks, hosts, or personal-care enthusiasts of all ages. Collections include unique jewelry, along with the Garden’s custom collect...","https://assets.simpleviewinc.com/simpleview/image/upload/c_fit,w_225,h_225/crm/cnscvb/CBG_D91A1133-5056-A348-3A7CE9545E123089-d91a10055056a34_d91a11c3-5056-a348-3a94a6e6877c99af.jpg",Chicago North shore,Shopping,unique find delight gardener cook host personal care enthusiast age collection include unique jewelry along garden custom collect
Children's Gift Shop,"Carrying the classic favorites as well as the new and unusual in toys, books, science, outdoor, arts, puzzles, games, travel, personalized gifts and more for infants...","https://assets.simpleviewinc.com/simpleview/image/upload/c_fit,w_225,h_225/crm/cnscvb/Children_33CB0812-5056-A348-3A303C02D99BA146-33cb07505056a34_33cb086e-5056-a348-3acddc7b85ebfa73.jpg",Chicago North shore,Shopping,carrying classic favorite well new unusual toy book science outdoor art puzzle game travel personalized gift infant
Commonwealth Running,"With a mission to expand the sport of running through our local community, Commonwealth Running Company has knocked down perceived barriers for new runners who want ...","https://assets.simpleviewinc.com/simpleview/image/upload/c_fit,w_225,h_225/crm/cnscvb/Common_D1F1C60D-5056-A348-3AA99B20752E519F-d1f1c52c5056a34_d1f1c65d-5056-a348-3af9b3cb1ff38f72.jpg",Chicago North shore,Shopping,mission expand sport running local community commonwealth running company knocked perceived barrier new runner want
Convito Cafe & Market,"Gourmet Food & Wine Market offers an in-depth selection of prepared foods, with some focus on Italian fare, as well as other dishes from around the world. We have fr...","https://assets.simpleviewinc.com/simpleview/image/upload/c_fit,w_225,h_225/crm/cnscvb/Convito-Market_10D808ED-5056-BF65-D646E028436FCC49-10d806f75056bf6_10d8122c-5056-bf65-d691ef8f19ef82c0.jpg",Chicago North shore,Shopping,gourmet food wine market offer depth selection prepared food focus italian fare well dish around world fr
Cultivate Urban Rainforest & Gallery,"Cultivate is a lush urban rainforest and gathering place. Offering an art gallery featuring the work of world renowned as well as local artists, exotic plants labele...","https://assets.simpleviewinc.com/simpleview/image/upload/c_fit,w_225,h_225/crm/cnscvb/cultivate_A1C4F455-5056-BF65-D614335B8C668D9E-a1c4f2595056bf6_a1c4ff58-5056-bf65-d67a18759692a5ef.jpg",Chicago North shore,Shopping,cultivate lush urban rainforest gathering place offering art gallery featuring work world renowned well local artist exotic plant labele
Dave's Down to Earth Rock Shop,"A shop and a pre-historic life museum showcasing one of the largest private rock collections on display in United States. Selling authentic fossils, colored minerals...","https://assets.simpleviewinc.com/simpleview/image/upload/c_fit,w_225,h_225/crm/cnscvb/DavesRockShop_A2002EB5-5056-BF65-D6FAED74344FF7DE-a2002c925056bf6_a2003835-5056-bf65-d6e147a3fa16de3c.jpg",Chicago North shore,Shopping,shop pre historic life museum showcasing one largest private rock collection display united state selling authentic fossil colored mineral
Edward's Florist,Taking pride in using high-quality flowers that are in season for arrangements that are as stunningly unique as they are beautiful. Choose an artful arrangement from...,"https://assets.simpleviewinc.com/simpleview/image/upload/c_fit,w_225,h_225/crm/cnscvb/Edwards-Florist_053A0329-5056-A348-3AFE3C7D330EED44-053a023f5056a34_053a037f-5056-a348-3a6bb1354714d0c7.jpg",Chicago North shore,Shopping,taking pride using high quality flower season arrangement stunningly unique beautiful choose artful arrangement
Enaz for Life,A women's contemporary boutique located in the heart of Northfield. This mother/daughter store caters to women “on the go” varying in every shape and size! Stocking ...,"https://assets.simpleviewinc.com/simpleview/image/upload/c_fit,w_225,h_225/crm/cnscvb/Enaz_31E36102-5056-A348-3AB14859DFF7EBA1-31e3605f5056a34_31e36154-5056-a348-3a03c75aa136764e.jpg",Chicago North shore,Shopping,woman 's contemporary boutique located heart northfield mother daughter store caters woman “ go varying every shape size stocking
Erik's Bike & Board,"A premier bike, snowboard and ski store retailer for all of your bike, snowboard, downhill ski, bike repair and bike fitting needs. Road, mountain, electric, kids, ...","https://assets.simpleviewinc.com/simpleview/image/upload/c_fit,w_225,h_225/crm/cnscvb/Erik_D010C384-5056-A348-3A4546ABAC28F632-d010c2d95056a34_d010c3dc-5056-a348-3ac09d57f993f5f3.jpg",Chicago North shore,Shopping,premier bike snowboard ski store retailer bike snowboard downhill ski bike repair bike fitting need road mountain electric kid
Evanston Made,"A community arts organization with a mission to increase awareness and engagement with Evanston Artists through events, programming, pop-ups, and a robust online pre...","https://assets.simpleviewinc.com/simpleview/image/upload/c_fit,w_225,h_225/crm/cnscvb/EvanstonMade_A230314E-5056-BF65-D69F6901DA1BA352-a2302ef15056bf6_a2303b29-5056-bf65-d6979ca49bcc3111.jpg",Chicago North shore,Shopping,community art organization mission increase awareness engagement evanston artist event programming pop ups robust online pre
Eve Alfille Gallery and Studio,This award-winning artist and former archaeologist designs exquisite jewelry. The gallery is a frequent stop for jewelry lovers and now features an online store wher...,"https://assets.simpleviewinc.com/simpleview/image/upload/c_fit,w_225,h_225/crm/cnscvb/EveAfille_0DE48963-5056-BF65-D626BAC5E65240D0-0de488645056bf6_0de4913a-5056-bf65-d690e83d57b309b8.jpg",Chicago North shore,Shopping,award winning artist former archaeologist design exquisite jewelry gallery frequent stop jewelry lover feature online store wher
Few Spirits,"Evanston's first and only distillery, Few Spirits has been crafting award-winning whiskeys and gins since 2011. Express delivery, no hassle shipping or you can just ...","https://assets.simpleviewinc.com/simpleview/image/upload/c_fit,w_225,h_225/crm/cnscvb/Few_0B31EF5D-5056-A348-3A7606FC9226673E-0b31eec95056a34_0b31eff5-5056-a348-3ad03a5961e6f687.jpg",Chicago North shore,Shopping,evanston 's first distillery spirit crafting award winning whiskey gin since express delivery hassle shipping
Follow Your Nose,"Celebrating 20 years in Evanston! Natural and organic pet foods, treats, accessories and hand-made baked goods, including cupcakes and birthday cakes for your dog! B...","https://assets.simpleviewinc.com/simpleview/image/upload/c_fit,w_225,h_225/crm/cnscvb/FollowYourNose0-1e50ea085056a34_1e50eb26-5056-a348-3a146a5dbcbaa826.jpg",Chicago North shore,Shopping,celebrating year evanston natural organic pet food treat accessory hand made baked good including cupcake birthday cake dog b
Gearhead Outfitters,Equip yourself with what you need to enjoy all that the great outdoors has to offer! shop with Gearhead Outfitters for all your outdoor apparel and gear needs....,"https://assets.simpleviewinc.com/simpleview/image/upload/c_fit,w_225,h_225/crm/cnscvb/Uncle_3A67716F-5056-A348-3A2D1E204818543B-3a6770905056a34_3a6771d5-5056-a348-3af0902ce3db4830.jpg",Chicago North shore,Shopping,equip need enjoy great outdoors offer shop gearhead outfitter outdoor apparel gear need
The Glen Town Center,"This well-planned development offers beautiful shops and restaurant-lined streets reminiscent of a European town. A 10 screen ArcLight movie theatre complex, shops i...","https://assets.simpleviewinc.com/simpleview/image/upload/c_fit,w_225,h_225/crm/cnscvb/Glenview_The_Glen_Town_Center_10_a966eb7e-5056-a348-3ab1db6b66f19bbd.png",Chicago North shore,Shopping,well planned development offer beautiful shop restaurant lined street reminiscent european town screen arclight movie theatre complex shop
Glenview Coin & Collectibles,"Located in historic downtown Glenview since 1984, this family owned business buys and sells coins, jewelry, and other collectibles. Their expertise combined with tru...","https://assets.simpleviewinc.com/simpleview/image/upload/c_fit,w_225,h_225/crm/cnscvb/Glenview-Coin_9E41CE08-5056-A348-3A37E3B7299CB96A-9e41cd1b5056a34_9e41ce89-5056-a348-3a38323de698498e.jpg",Chicago North shore,Shopping,located historic downtown glenview since family owned business buy sell coin jewelry collectible expertise combined tru
Good Grapes,"A North Shore gem with a finely curated wine selection, artisanal charcuterie, select craft beers, and canned cocktails in a neighborhood store. Private and public w...","https://assets.simpleviewinc.com/simpleview/image/upload/c_fit,w_225,h_225/crm/cnscvb/GoodGrapes_48B232A4-5056-BF65-D64C9C81F8A84809-48b2318e5056bf6_48b2373d-5056-bf65-d6b505d227506eb6.jpg",Chicago North shore,Shopping,north shore gem finely curated wine selection artisanal charcuterie select craft beer canned cocktail neighborhood store private public w
Green Bay Cycles,"A fun, friendly, family-oriented bike shop offering experience, professionalism and level of expertise usually reserved for pro shops. Focusing on your needs, you'll...","https://assets.simpleviewinc.com/simpleview/image/upload/c_fit,w_225,h_225/crm/cnscvb/GreenBayCycles_04123E79-5056-A348-3AD25E1E3FAAA3EC-04123d8c5056a34_04123ef4-5056-a348-3aa0e0df6adebdf8.jpg",Chicago North shore,Shopping,fun friendly family oriented bike shop offering experience professionalism level expertise usually reserved pro shop focusing need 'll
Heritage Trail Mercantile,"This is a treasure hunt of a store! A wide, open “loft-like” space that is home to 42 of Chicagoland’s finest Antique & Vintage Vendors....","https://assets.simpleviewinc.com/simpleview/image/upload/c_fit,w_225,h_225/crm/cnscvb/HerTrailFB_D35175C6-5056-A348-3A4C3D591C146F19-d35174ee5056a34_d3517631-5056-a348-3af4262dc188a97c.jpg",Chicago North shore,Shopping,treasure hunt store wide open “ loft like space home chicagoland finest antique vintage vendor
Historic Wagner Farm Gift Store,"While you’re visiting Historic Wagner Farm, stop by the Museum Store, located in the Heritage Center and pick up a nostalgic souvenir of your visit to Historic Wagne...","https://assets.simpleviewinc.com/simpleview/image/upload/c_fit,w_225,h_225/crm/cnscvb/Wagner_0ACAF3B7-5056-A348-3AD9E300D14FC70C-0acaf2f85056a34_0acaf410-5056-a348-3afb34de5a908898.jpg",Chicago North shore,Shopping,visiting historic wagner farm stop museum store located heritage center pick nostalgic souvenir visit historic wagne
Hubba-Hubba,"Fixture for trendy women's clothes, new accessories, and occasional events. Your favorites, your must-haves, and your go-to pieces that you can count on to always en...","https://assets.simpleviewinc.com/simpleview/image/upload/c_fit,w_225,h_225/crm/cnscvb/HubbaHubba_0DF8CD41-5056-BF65-D6920D803C7C8F76-0df8cc235056bf6_0df8d5eb-5056-bf65-d6430ff3973df5f2.jpg",Chicago North shore,Shopping,fixture trendy woman 's clothes new accessory occasional event favorite must have go piece count always en
Hudson Grace,Hudson Grace started as the dream of co-founders Monelle Totah and Gary McNatton and was born out of their shared passion for gifting and entertaining. Their style i...,"https://assets.simpleviewinc.com/simpleview/image/upload/c_fit,w_225,h_225/crm/cnscvb/HudsonGrace_20783F47-5056-A348-3AF2397C932DA2EA-20783e9e5056a34_20783faf-5056-a348-3a8e8485519fbd83.jpg",Chicago North shore,Shopping,hudson grace started dream co founder monelle totah gary mcnatton born shared passion gifting entertaining style
Illinois Holocaust Museum,"Shop a wide assortment of Judaica, jewelry, fair trade, books and DVDs, special exhibit merchandise including Ruth Bader Ginsburg items....","https://assets.simpleviewinc.com/simpleview/image/upload/c_fit,w_225,h_225/crm/cnscvb/IHMEC_D8F33648-5056-A348-3AD6114DC20CA494-d8f335815056a34_d8f336b3-5056-a348-3a16fa051be8edd3.jpg",Chicago North shore,Shopping,shop wide assortment judaica jewelry fair trade book dvd special exhibit merchandise including ruth bader ginsburg item
Inspired Indian Cooking,"Offering easy and delicious cooking experiences with spice kits for iconic Indian dishes and live, virtual cooking classes. Shop in-person or on-line, they ship nati...","https://assets.simpleviewinc.com/simpleview/image/upload/c_fit,w_225,h_225/crm/cnscvb/InspiredIndian_A195C1B7-5056-BF65-D63D873D8303ECCC-a195c0065056bf6_a195cb01-5056-bf65-d6b2af11a5080235.jpg",Chicago North shore,Shopping,offering easy delicious cooking experience spice kit iconic indian dish live virtual cooking class shop person line ship nati
Junior League of Evanston-North Shore Thrift House,"Whether you’re a bargain-hunter, a student on a budget, or someone who likes to shop for treasures, you’ll find constantly changing merchandise of great finds at Thr...","https://assets.simpleviewinc.com/simpleview/image/upload/c_fit,w_225,h_225/crm/cnscvb/ThriftHouse_E373DD1C-9A38-14AE-AF479D1882A7644F-e373dba1d663368_e373e68c-f386-a4fd-a6ae9a24b5aa416a.jpg",Chicago North shore,Shopping,whether bargain hunter student budget someone like shop treasure find constantly changing merchandise great find thr
Kilwins,"Old-fashioned confectionery store selling chocolates, ice cream, handmade sweets & gift baskets....","https://assets.simpleviewinc.com/simpleview/image/upload/c_fit,w_225,h_225/crm/cnscvb/Kilwins0-0959d0fa5056a34_0959d29d-5056-a348-3a9738f879686b7e.jpg",Chicago North shore,Shopping,old fashioned confectionery store selling chocolate ice cream handmade sweet gift basket
Knightsbridge Wine Shoppe,A leader in the Chicagoland area for sought after wine and other rare offerings. Offers personal and knowledgeable service to navigate the broad selection. Happy to...,"https://assets.simpleviewinc.com/simpleview/image/upload/c_fit,w_225,h_225/crm/cnscvb/knightsbridge-Wine_9FA214FF-5056-A348-3A47E44DE61CF4EB-9fa214585056a34_9fa2156b-5056-a348-3ae50228f7f3552d.jpg",Chicago North shore,Shopping,leader chicagoland area sought wine rare offering offer personal knowledgeable service navigate broad selection happy
Lincolnwood Town Center,The Lincolnwood Town Center is a beautifully designed and fully enclosed mall that features bright lights and marble floors for a comfortable environment and friendl...,"https://assets.simpleviewinc.com/simpleview/image/upload/c_fit,w_225,h_225/crm/cnscvb/LincolnwoodTownCenter_1A882578-E3EA-15C7-1E0DFFFE1415DC8F-1a882397d4284e9_1a882dfd-e0db-53d2-a61c6c5d5ad76d1f.jpg",Chicago North shore,Shopping,lincolnwood town center beautifully designed fully enclosed mall feature bright light marble floor comfortable environment friendl
Lori's Designer Shoes,"A shoe lovers dream come true! This one-of-a-kind find is stocked with thousands of shoes, boots, bags, accessories, and apparel. Hundreds of high-end women's shoe s...","https://assets.simpleviewinc.com/simpleview/image/upload/c_fit,w_225,h_225/crm/cnscvb/Lori_31B5ECA9-5056-A348-3ACFB9E47D7EA30C-31b5ebb45056a34_31b5ed17-5056-a348-3a30039e574de01b.jpg",Chicago North shore,Shopping,shoe lover dream come true one kind find stocked thousand shoe boot bag accessory apparel hundred high end woman 's shoe
Macushla Brewing Co.,"Local family-owned brewery produces a wide range of beers. From lagers, blondes, IPAs and stouts, there is something for everyone. Dedicated to good atmosphere and g...","https://assets.simpleviewinc.com/simpleview/image/upload/c_fit,w_225,h_225/crm/cnscvb/Machushla-1_409225C0-5056-A348-3A8615AF31E8914D-409225085056a34_4092263e-5056-a348-3a13111bb5ec8e6f.jpg",Chicago North shore,Shopping,local family owned brewery produce wide range beer lager blonde ipas stout something everyone dedicated good atmosphere g
Madison Grace,"Located in Downtown Evanston, Madison Grace helps women of all ages look and feel their best. A shopping destination for women’s contemporary fashion with a chic and...","https://assets.simpleviewinc.com/simpleview/image/upload/c_fit,w_225,h_225/crm/cnscvb/MadisonGrace2_2074B27A-5056-A348-3A6FC09E18AAFF12-2074b1f25056a34_2074b2d5-5056-a348-3a26d7ea3b84f375.jpg",Chicago North shore,Shopping,located downtown evanston madison grace help woman age look feel best shopping destination woman contemporary fashion chic
Material Possessions,"Specializing in thought-provoking pieces designed to ignite the imagination, stir the soul and make a statement are aplenty here. There are articles of whimsy too. ...","https://assets.simpleviewinc.com/simpleview/image/upload/c_fit,w_225,h_225/crm/cnscvb/MaterialPosessions_0E0D9F77-5056-BF65-D69987B7C6976079-0e0d9cf25056bf6_0e0da90c-5056-bf65-d6e2f464eef16ded.jpg",Chicago North shore,Shopping,specializing thought provoking piece designed ignite imagination stir soul make statement aplenty article whimsy
Mattie M.,"This North Shore clothing boutique offers many upscale choices in designer sportswear, dresses and accessories. Looks range from contemporary to classic allowing you...","https://assets.simpleviewinc.com/simpleview/image/upload/c_fit,w_225,h_225/crm/cnscvb/MattieM_0E16BE80-5056-BF65-D60FEFD3B4491A5B-0e16bd055056bf6_0e16c85b-5056-bf65-d6d6ccadde287dde.jpg",Chicago North shore,Shopping,north shore clothing boutique offer many upscale choice designer sportswear dress accessory look range contemporary classic allowing
Maya Papaya & Tony Macarony,"A fun Evanston children's boutique, sharing cool clothes and gifts for kids 0 to 12. You’ll find pretty girl’s dresses, boys and girls coats, shoes and loungewear, ...","https://assets.simpleviewinc.com/simpleview/image/upload/c_fit,w_225,h_225/crm/cnscvb/Evanston_Maya_Papaya_and_Tony_Macarony0_a960814d-5056-a348-3ab7e90027f261b6.png",Chicago North shore,Shopping,fun evanston child 's boutique sharing cool clothes gift kid find pretty girl dress boy girl coat shoe loungewear
Maze Home,A natural extension of owner Cindy Galvin’s interior design business – Bardes Interiors – the store provides a loft-like environment for sharing her exte...,"https://assets.simpleviewinc.com/simpleview/image/upload/c_fit,w_225,h_225/crm/cnscvb/Winnetka_Maze_Home1_a961426e-5056-a348-3acb50729feff3e5.png",Chicago North shore,Shopping,natural extension owner cindy galvin interior design business bardes interior store provides loft like environment sharing exte
Morning Glory Flower Shop,"A full service, every occasion florist. Creating beautiful fresh flower arrangements as well as blooming plants and European gardens....","https://assets.simpleviewinc.com/simpleview/image/upload/c_fit,w_225,h_225/crm/cnscvb/Glenview_Morning_Glory_Flower_Shop0_a9611944-5056-a348-3aa0b8d46a168422.png",Chicago North shore,Shopping,full service every occasion florist creating beautiful fresh flower arrangement well blooming plant european garden
NiceLena & Friends,"Check out this creative, bold store selling a wide range of gifts and collectibles. You will find mugs, candles, prints, stickers, do-it-yourself kits, and a wide se...","https://assets.simpleviewinc.com/simpleview/image/upload/c_fit,w_225,h_225/crm/cnscvb/NiceLena_3766A5D0-5056-A348-3A86CD9A505EE3BA-3766a4445056a34_3766a63e-5056-a348-3aa044e967ad9c30.jpg",Chicago North shore,Shopping,check creative bold store selling wide range gift collectible find mug candle print sticker kit wide se
Nordstrom,"An unerring eye for what's next in fashion. A relentless drive to exceed expectations. For more than 100 years, Nordstrom has worked to deliver the best possible sho...","https://assets.simpleviewinc.com/simpleview/image/upload/c_fit,w_225,h_225/crm/cnscvb/Skokie_Nordstrom0_a95fd164-5056-a348-3ad5aabf73e0f3bc.png",Chicago North shore,Shopping,unerring eye 's next fashion relentless drive exceed expectation year nordstrom worked deliver best possible sho
North Shore Exchange Glencoe,Award-winning luxury charitable resale shop for women and the home. North Shore Exchange donates 100% of its profits to charity and has made $3.7 million in donation...,"https://assets.simpleviewinc.com/simpleview/image/upload/c_fit,w_225,h_225/crm/cnscvb/NSEchange2_EE649D43-5056-BF65-D6F2A67B74ACAEE0-ee649c8a5056bf6_ee64abbf-5056-bf65-d6d792b906620221.jpg",Chicago North shore,Shopping,award winning luxury charitable resale shop woman home north shore exchange donates profit charity made million donation
Northbrook Court,"Shop the brands you love at the only indoor shopping center on the North Shore. Featuring shopping, dining, and an AMC movie theater complex. Located in the heart of...","https://assets.simpleviewinc.com/simpleview/image/upload/c_fit,w_225,h_225/crm/cnscvb/NBCourt0-2a06e65c5056a34_2a06e86a-5056-a348-3a8e85aeeea14c92.jpg",Chicago North shore,Shopping,shop brand love indoor shopping center north shore featuring shopping dining amc movie theater complex located heart
Notice Accessories for Living,"Notice is a constantly changing selection of comfy, cute clothing and accessories with a touch of quirk. The shop also includes a carefully curated collection of bab...","https://assets.simpleviewinc.com/simpleview/image/upload/c_fit,w_225,h_225/crm/cnscvb/Evanston_Notice0_a92df3ab-5056-a348-3a3c4bba7f0779d6.png",Chicago North shore,Shopping,notice constantly changing selection comfy cute clothing accessory touch quirk shop also includes carefully curated collection bab
Peachtree Place,"A Northfield treasure, specializing in wonderful gifts and home accessories. The store has grown from its original two rooms to eleven rooms filled with lamps, pri...","https://assets.simpleviewinc.com/simpleview/image/upload/c_fit,w_225,h_225/crm/cnscvb/Peachtree_32A9C34C-5056-A348-3A0D7DFF6E2C215B-32a9c2765056a34_32a9c3b8-5056-a348-3a57a9038a187010.jpg",Chicago North shore,Shopping,northfield treasure specializing wonderful gift home accessory store grown original two room eleven room filled lamp pri
Peckish Pig,"Evanston’s first brewery! Your source for craft beer, specialty cocktails to-go at this brewpub on the edge of where Chicago meets Evanston. Peckish Pig typically ha...","https://assets.simpleviewinc.com/simpleview/image/upload/c_fit,w_225,h_225/crm/cnscvb/PeckishPig0_a92ab39f-5056-a348-3a22fc0b96c01278.png",Chicago North shore,Shopping,evanston first brewery source craft beer specialty cocktail go brewpub edge chicago meet evanston peckish pig typically ha
Penzeys Spices,"A cook’s dream come true in this spice store where you will find a vast selection of Penzeys brand spices, trial bags, gift boxes, gadgets bottles and more....","https://assets.simpleviewinc.com/simpleview/image/upload/c_fit,w_225,h_225/crm/cnscvb/Penzeys_D2C8D894-5056-A348-3ABAD4E148F55C82-d2c8d7945056a34_d2c8d903-5056-a348-3ab7930908a34f55.jpg",Chicago North shore,Shopping,cook dream come true spice store find vast selection penzeys brand spice trial bag gift box gadget bottle
Plaza del Lago,"A robust mix of on-trend and classic retailers, one-of-a-kind boutiques, distinctive restaurants, grocery, and services all beautifully bundled in a Spanish-style co...","https://assets.simpleviewinc.com/simpleview/image/upload/c_fit,w_225,h_225/crm/cnscvb/PlazaDelLago_5C428762-5056-BF65-D61C2DF4C454B7E6-5c4285795056bf6_5c429165-5056-bf65-d65b1e7ec3138b63.jpg",Chicago North shore,Shopping,robust mix trend classic retailer one kind boutique distinctive restaurant grocery service beautifully bundled spanish style co
Randoons,"A hip clothing, accessory and gift boutique bringing city style to the 'burbs. A couture cafe inspired by all things sweet and funky. We carry many small artist line...","https://assets.simpleviewinc.com/simpleview/image/upload/c_fit,w_225,h_225/crm/cnscvb/Randoons_0E58234A-5056-BF65-D66B39A6E9F3FF8E-0e5821785056bf6_0e582cc1-5056-bf65-d66cac2fcef6b81c.jpg",Chicago North shore,Shopping,hip clothing accessory gift boutique bringing city style 'burbs couture cafe inspired thing sweet funky carry many small artist line
REI,"Life outdoors is a life well-lived. REI knows firsthand the importance of quality outdoor gear, and stand behind all of their products with a 100% lifetime satisfact...","https://assets.simpleviewinc.com/simpleview/image/upload/c_fit,w_225,h_225/crm/cnscvb/REI_A0583F70-5056-A348-3A1D23D9CACA6842-a0583ef05056a34_a0583fc4-5056-a348-3ac83e7494b7a960.jpg",Chicago North shore,Shopping,life outdoors life well lived rei know firsthand importance quality outdoor gear stand behind product lifetime satisfact
Saville Flowers & Gifts,"A forth-generation family owned business, serving the North Shore and beyond. From everyday wrapped bouquets to large scale events and weddings, Saville Flowers prov...","https://assets.simpleviewinc.com/simpleview/image/upload/c_fit,w_225,h_225/crm/cnscvb/SavilleFlowers0-ec5061675056a34_ec5062ed-5056-a348-3ae82cecde7e0dc8.jpg",Chicago North shore,Shopping,forth generation family owned business serving north shore beyond everyday wrapped bouquet large scale event wedding saville flower prov
Secret Treasures,Most of the items date from the 1920s to 1950s and you might even find a 1950s Radio Flyer Wagon or an original 1940s military issued Hamilton watch. It’s always an ...,"https://assets.simpleviewinc.com/simpleview/image/upload/c_fit,w_225,h_225/crm/cnscvb/SecretTreasures_0E649C51-5056-BF65-D6276187654ADB11-0e649a755056bf6_0e64a603-5056-bf65-d66a19988457b678.jpg",Chicago North shore,Shopping,item date might even find radio flyer wagon original military issued hamilton watch always
Sketchbook Brewing Company,"Craft beer lovers rejoice! Sketchbook Brewing Co., founded six years ago in Evanston, has opened a taproom in Skokie! Grab your howlers, growlers or a 6 pack to go o...","https://assets.simpleviewinc.com/simpleview/image/upload/c_fit,w_225,h_225/crm/cnscvb/Sketchbook_0AEF8B2D-5056-A348-3ADA622EA20FD7FE-0aef8a745056a34_0aef8b85-5056-a348-3a63c821087e6008.jpg",Chicago North shore,Shopping,craft beer lover rejoice sketchbook brewing co founded six year ago evanston opened taproom skokie grab howler growler pack go
Spice House,"Family owned since 1957, these merchants offer the highest quality, hand-selected and hand-prepared spices and herbs at far below grocery store prices. Featuring han...","https://assets.simpleviewinc.com/simpleview/image/upload/c_fit,w_225,h_225/crm/cnscvb/Evanston_Spice_House0_a9578262-5056-a348-3a906e05bfd3f003.png",Chicago North shore,Shopping,family owned since merchant offer highest quality hand selected hand prepared spice herb far grocery store price featuring han
Squeezebox Books and Music,"A boutique style, thematically based used book and music store, browsable and ever changing, Squeezebox carries all shapes, sizes and curious categories of books and...","https://assets.simpleviewinc.com/simpleview/image/upload/c_fit,w_225,h_225/crm/cnscvb/Evanston_Squeezebox_Books_and_Music0_a954f691-5056-a348-3a3ba929566c545d.png",Chicago North shore,Shopping,boutique style thematically based used book music store browsable ever changing squeezebox carry shape size curious category book
Starved Rock Cabinets,"It all starts with wood, of course—and all of our wood is responsibly and sustainably sourced. It ends with custom cabinetry that meets your needs and your tastes. O...","https://assets.simpleviewinc.com/simpleview/image/upload/c_fit,w_225,h_225/crm/cnscvb/StarvedRockCabinets_D82875B2-5056-BF65-D6E4558520533193-d82874f95056bf6_d828895b-5056-bf65-d66bd3f03faee83d.jpg",Chicago North shore,Shopping,start wood course wood responsibly sustainably sourced end custom cabinetry meet need taste
Stella,"A chic and funky boutique filled with one-of-a-kind treasures where you slowly browse around in a warm, relaxing atmosphere. Situated on lively Central Street in Eva...","https://assets.simpleviewinc.com/simpleview/image/upload/c_fit,w_225,h_225/crm/cnscvb/Evanston_Stella0_a954e0c6-5056-a348-3a12668865df1c46.png",Chicago North shore,Shopping,chic funky boutique filled one kind treasure slowly browse around warm relaxing atmosphere situated lively central street eva
Swantiques,"Swantiques offers an ever-changing selection of vintage furniture, lighting, art, textiles, and decorative objects. Our offerings range from antique to post-modern, ...","https://assets.simpleviewinc.com/simpleview/image/upload/c_fit,w_225,h_225/crm/cnscvb/Swan_944128A9-5056-A348-3A77A846F868A1A0-944127695056a34_94412923-5056-a348-3af6a64435e02004.jpg",Chicago North shore,Shopping,swantiques offer ever changing selection vintage furniture lighting art textile decorative object offering range antique post modern
Temperance Beer Co.,"A hometown favorite,Temperance Beer Co., is a taproom pouring house beers, offering growlers to go. Great gift options for those that want to gift something with a l...","https://assets.simpleviewinc.com/simpleview/image/upload/c_fit,w_225,h_225/crm/cnscvb/Evanston_Temperance_Beer_Company1_a94b81fd-5056-a348-3a4673c61f41e8f0.png",Chicago North shore,Shopping,hometown favorite temperance beer co taproom pouring house beer offering growler go great gift option want gift something l
Ten Ninety Brewing Company,"Pick up that unique holiday gift for beer- loving friends, family or yourself. Stock up on your favorite craft beer. Cans and growlers to go. Call or order online at...","https://assets.simpleviewinc.com/simpleview/image/upload/c_fit,w_225,h_225/crm/cnscvb/TenNinety_0EB8C774-5056-BF65-D6915D20CC151C9B-0eb8c6135056bf6_0eb8d0b0-5056-bf65-d654b68465d06713.jpg",Chicago North shore,Shopping,pick unique holiday gift beer loving friend family stock favorite craft beer can growler go call order online
Ten Thousand Villages,This fair trade retail phenomenon was founded by visionary entrepreneur Edna Ruth Byler in 1946. It has grown into a global network of social entrepreneurs working ...,"https://assets.simpleviewinc.com/simpleview/image/upload/c_fit,w_225,h_225/crm/cnscvb/Evanston_Ten_Thousand_Villages0_a9682b3a-5056-a348-3a321f136aceb7d3.png",Chicago North shore,Shopping,fair trade retail phenomenon founded visionary entrepreneur edna ruth byler grown global network social entrepreneur working
The Alchemists Wife,"Handmade soaps, body care, home fragrance, natural cleaning supplies and laundry, candles, bespoke fragrances for men and women. Men's shaving, skin and body care, r...","https://assets.simpleviewinc.com/simpleview/image/upload/c_fit,w_225,h_225/crm/cnscvb/AlchemistsWife0-1e56f2b65056a34_1e56f421-5056-a348-3a113805110aa9ed.jpg",Chicago North shore,Shopping,handmade soap body care home fragrance natural cleaning supply laundry candle bespoke fragrance men woman men 's shaving skin body care r
The Flower Shop in Glencoe,"Unique boutique gift shop and floral studio with a love of all things pretty. Offering everyday, weekly, monthly florals, seasonal planting subscriptions, orchids, ...","https://assets.simpleviewinc.com/simpleview/image/upload/c_fit,w_225,h_225/crm/cnscvb/FlowerShop0-ec5a384c5056a34_ec5a3a2f-5056-a348-3a4960d20314df64.jpg",Chicago North shore,Shopping,unique boutique gift shop floral studio love thing pretty offering everyday weekly monthly florals seasonal planting subscription orchid
Twisted Trunk,"Unique consignment store, specializing in higher end pre-owned items. Also carry new items from various designers. Featuring anything from basic furniture to unique ...","https://assets.simpleviewinc.com/simpleview/image/upload/c_fit,w_225,h_225/crm/cnscvb/TwistedTrunk_0ED883F8-5056-BF65-D6AE3CE8ECB64754-0ed8829b5056bf6_0ed88ca7-5056-bf65-d697da08606c6472.jpg",Chicago North shore,Shopping,unique consignment store specializing higher end pre owned item also carry new item various designer featuring anything basic furniture unique
Valentina,"Women’s clothing, jewelry, accessories, gifts for the home. Valentina is a modern and contemporary, unique boutique....","https://assets.simpleviewinc.com/simpleview/image/upload/c_fit,w_225,h_225/crm/cnscvb/Valentina_FEA47A00-5056-A348-3A832F3691E549FC-fea479295056a34_fea47a51-5056-a348-3a77cbe7b2213e04.jpg",Chicago North shore,Shopping,woman clothing jewelry accessory gift home valentina modern contemporary unique boutique
The Village Treasure House,A non-profit consignment home store featuring upscale and vintage furniture and home décor. A convenient resource for those in need of selling or donating home furn...,"https://assets.simpleviewinc.com/simpleview/image/upload/c_fit,w_225,h_225/crm/cnscvb/village-treasure_A0058695-5056-A348-3ADE64398E93DAEB-a00585d65056a34_a00586e9-5056-a348-3a3007896d4eb641.jpg",Chicago North shore,Shopping,non profit consignment home store featuring upscale vintage furniture home décor convenient resource need selling donating home furn
Vogue Fabrics,"Enabling fabriholics since 1945, Vogue Fabrics is a mecca for sewing enthusiasts around the globe. Specializing in fashion fabrics, you will also find bridal, home d...","https://assets.simpleviewinc.com/simpleview/image/upload/c_fit,w_225,h_225/crm/cnscvb/Evanston_Vogue_Fabrics0_a9544111-5056-a348-3a9f6334a9d83dae.png",Chicago North shore,Shopping,enabling fabriholics since vogue fabric mecca sewing enthusiast around globe specializing fashion fabric also find bridal home
Westfield Old Orchard,"Westfield Old Orchard is Chicagoland’s premier shopping center and lifestyle destination. With an incredible wealth of over 150 retailers, dining options, and event ...","https://assets.simpleviewinc.com/simpleview/image/upload/c_fit,w_225,h_225/crm/cnscvb/Skokie_Westfield_Old_Orchard0_a969b681-5056-a348-3ad17e7beca6f531.png",Chicago North shore,Shopping,westfield old orchard chicagoland premier shopping center lifestyle destination incredible wealth retailer dining option event
Wheel and Sprocket,"A Top 100 bicycle shop serving all cyclists. Selling the top brands of bikes, parts, and accessories. Offering repair and maintenance of all brands and bicycle fitti...","https://assets.simpleviewinc.com/simpleview/image/upload/c_fit,w_225,h_225/crm/cnscvb/WheelSprokcet_0EFDF74B-5056-BF65-D61BB84D2A2C7F27-0efdf5fa5056bf6_0efdffe5-5056-bf65-d6504c82cbe3f836.jpg",Chicago North shore,Shopping,top bicycle shop serving cyclist selling top brand bike part accessory offering repair maintenance brand bicycle fitti
Wheeling Town Center,"With nearly a dozen restaurants, stores and CMX Movie Theatre, direct access to Metra, the Wheeling Town Center is the place to work and play!...","https://assets.simpleviewinc.com/simpleview/image/upload/c_fit,w_225,h_225/crm/cnscvb/WheelingTownCenter_831C0C87-5056-A348-3AC7A7DC9E079E26-831c0bf35056a34_831c0d06-5056-a348-3a5e69b4c59618d1.jpg",Chicago North shore,Shopping,nearly dozen restaurant store cmx movie theatre direct access metra wheeling town center place work play
Wild Child,"A family-owned specialty toy store for kids from infancy to 15 years old. Carrying unique toys, games, crafts, jewelry and apparel....","https://assets.simpleviewinc.com/simpleview/image/upload/c_fit,w_225,h_225/crm/cnscvb/WildChild_0F0D2435-5056-BF65-D6E921AD9AE10C1A-0f0d22e05056bf6_0f0d2e01-5056-bf65-d60f96bbe1f77826.jpg",Chicago North shore,Shopping,family owned specialty toy store kid infancy year old carrying unique toy game craft jewelry apparel
Wine Goddess,"A fresh, felicitous take on the grape and its noblest derivative: Wine! An Evanston-based wine bar and retailer of craft wine, beer, and spirits....","https://assets.simpleviewinc.com/simpleview/image/upload/c_fit,w_225,h_225/crm/cnscvb/WineGod_366F0526-5056-A348-3A2DCDD70AB5F3AE-366f03f45056a34_366f05a7-5056-a348-3a9aa086db5b6a3b.jpg",Chicago North shore,Shopping,fresh felicitous take grape noblest derivative wine evanston based wine bar retailer craft wine beer spirit
Ed Rudolph Northbrook Velodrome,"One of only a few official quarter-mile bike tracks in the country, this outdoor velodrome attracts top cyclists from the Midwest. There are weekly races in the summ...","https://assets.simpleviewinc.com/simpleview/image/upload/c_fit,w_225,h_225/crm/cnscvb/Northbrook_Ed_Rudolph_Northbrook_Velodrome0_a965c9ea-5056-a348-3a5b47bb6dca1d3e.png",Chicago North shore,Shopping,one official quarter mile bike track country outdoor velodrome attracts top cyclist midwest weekly race summ
Funtopia Adventure Park,"A large, active entertainment facility that combines sports and fun with numerous attractions such as indoor climbing walls, a rope course, a caving system, and more...","https://assets.simpleviewinc.com/simpleview/image/upload/c_fit,w_225,h_225/crm/cnscvb/Funtopia.jpg10-0b515a675056a34_0b515bba-5056-a348-3a3e301838137d6f.jpg",Chicago North shore,Shopping,large active entertainment facility combine sport fun numerous attraction indoor climbing wall rope course caving system
Heritage Park,"Heritage Park is a 100+ acre nature, recreation and community gathering place. Offering something for everyone including 10-acre Lake Heritage with breathtaking scen...","https://assets.simpleviewinc.com/simpleview/image/upload/c_fit,w_225,h_225/crm/cnscvb/Wheeling_Heritage_Park1_a940a223-5056-a348-3a6e0c65a9e379d6.png",Chicago North shore,Shopping,heritage park acre nature recreation community gathering place offering something everyone including acre lake heritage breathtaking scen
Midtown Lustbader Health Club,"A boutique Midtown club nestled within Bernard Weinger JCC in Northbrook, Marvin Lustbader Health Club features an indoor, 25-yard swimming pool, 7,000 sq. foot gymn...","https://assets.simpleviewinc.com/simpleview/image/upload/c_fit,w_225,h_225/crm/cnscvb/Midtown-Lustbader_fitness-4--b3bc20ae5056a34_b3bc227d-5056-a348-3afc7b53fa012670.jpg",Chicago North shore,Shopping,boutique midtown club nestled within bernard weinger jcc northbrook marvin lustbader health club feature indoor yard swimming pool sq foot gymn
North Shore Sports Center,"North Shore's top choice when planning impactful interaction. The 96,000 square foot Sports and Events Center combines state-of-the-art indoor fields, courts and ada...","https://assets.simpleviewinc.com/simpleview/image/upload/c_fit,w_225,h_225/crm/cnscvb/Northbrook_The_Accelerated_Center0_a9784fc7-5056-a348-3a6f14feaa881370.png",Chicago North shore,Shopping,north shore 's top choice planning impactful interaction square foot sport event center combine state art indoor field court ada
Northwestern University Wildcats,"The Northwestern Wildcats offer some of the best Division 1 college sports action in the Midwest, featuring 19 teams and competing in the Big Ten Conference....","https://assets.simpleviewinc.com/simpleview/image/upload/c_fit,w_225,h_225/crm/cnscvb/Evanston_Northwestern_University_Spectator_Sports0_a95e5d74-5056-a348-3ae3f0bedd5b1a0d.jpg",Chicago North shore,Shopping,northwestern wildcat offer best division college sport action midwest featuring team competing big ten conference
Skokie Sports Park,"Featuring one of the top 100 rated golf ranges in the U.S., complete with a two-tier, 40 station range with an automatic tee-up system. The driving range features a...","https://assets.simpleviewinc.com/simpleview/image/upload/c_fit,w_225,h_225/crm/cnscvb/Skokie_Skokie_Sports_Park0_a95741c6-5056-a348-3a649ad27a049771.png",Chicago North shore,Shopping,featuring one top rated golf range u complete two tier station range automatic tee system driving range feature
Ultimate Ninjas North Shore,"Inspired by the hit television show “American Ninja Warrior”, offers a wide variety of obstacle courses for kids of every age and skill level. Agility course, swingi...","https://assets.simpleviewinc.com/simpleview/image/upload/c_fit,w_225,h_225/crm/cnscvb/UltimateNinjasNorthShore_A00CDD27-5056-A348-3A8E31A300274A3F-a00cdcbe5056a34_a00cdd76-5056-a348-3ad6e61c807db45f.jpg",Chicago North shore,Shopping,inspired hit television show “ american ninja warrior offer wide variety obstacle course kid every age skill level agility course swingi
1. Great River Road,"Built along the Mighty Mississippi, at 550 miles long, the Great River Road runs almost the entire length of the state. With both northern and southern sections of the byway, this gorgeous river drive offers everything from outdoor adventure and quiet charm, to presidential and colonial history and some good old fashioned kitsch. There’s no better way to experience the life and industry of the Mississippi River.",https://www.enjoyillinois.com/assets/Images/Scenic-Drives-+-Roadside-Attractions/Road-Great-River-Road-Hartford-to-Grafton__FocusFillWyIwLjQ5IiwiMC4zNyIsMTgyNCwxMDAwXQ.jpeg,Enjoy Illinois,Scienic Byways,built along mighty mississippi mile long great river road run almost entire length state northern southern section byway gorgeous river drive offer everything outdoor adventure quiet charm presidential colonial history good old fashioned kitsch better way experience life industry mississippi river
2. Meeting of the Great Rivers Scenic Route,"Meeting of the Great Rivers is a breathtaking 33-mile section of the Great River Road, where the great Mississippi, Illinois and Missouri rivers come together. Extending fromPere Marquette State Parkto theLewis and Clark State Historic Site, traces of history can be seen all throughout the bluffs and river towns along the byway.",https://www.enjoyillinois.com/assets/Images/Scenic-Drives-+-Roadside-Attractions/Cars-on-GreatRiverRoad__FocusFillWyItMC4xNiIsIjAuMjAiLDE4MjQsMTAwMF0.jpeg,Enjoy Illinois,Scienic Byways,meeting great river breathtaking mile section great river road great mississippi illinois missouri river come together extending frompere marquette state parkto thelewis clark state historic site trace history seen throughout bluff river town along byway
3. Historic Route 66,"The mother of all roads, and the original road trip, Route 66 begins in Chicago, Illinois. A mission all on its own, check outour Route 66 trip guidefor even more juicy details about this offbeat stretch of American roadway. Classic Americana, roadside photo ops, history, dining and so much more awaits.",https://www.enjoyillinois.com/assets/Images/Scenic-Drives-+-Roadside-Attractions/Car-Route-66-Road__FocusFillWyIwLjAwIiwiMC4wMCIsMTgyNCwxMDAwXQ.jpeg,Enjoy Illinois,Scienic Byways,mother road original road trip route begin chicago illinois mission check outour route trip guidefor even juicy detail offbeat stretch american roadway classic americana roadside photo ops history dining much awaits
4. Illinois River Road,"Travel the rolling hills of central Illinois as you follow the path of the Illinois River. At 291 miles, the Illinois River Road offers incredible views and opportunities to stretch your legs at some of the best state parks in Illinois. The Byway unites more than 100 nature-based destinations throughout the Illinois River Valley, beginning in Ottawa and ending 150 miles south in Havana. Find the best spots for hunting, fishing, hiking, biking, canoeing, wetlands, gardens, birding and watching wildlife.",https://www.enjoyillinois.com/assets/Images/Scenic-Drives-+-Roadside-Attractions/Peoria-River-Bridge-Illinois-River-Road__FocusFillWyItMC4xNiIsIjAuMDQiLDE4MjQsMTAwMF0.jpg,Enjoy Illinois,Scienic Byways,travel rolling hill central illinois follow path illinois river mile illinois river road offer incredible view opportunity stretch leg best state park illinois byway unites nature based destination throughout illinois river valley beginning ottawa ending mile south havana find best spot hunting fishing hiking biking canoeing wetland garden birding watching wildlife
5. Lincoln Highway,"Drive clear across northern Illinois on the nation’s first successful coast-to-coast highway.From the Indiana border, west toward the mighty Mississippi, you will find an adventure filled with variety, rich in history and heritage.Enjoy 179 miles of rolling farmland and classic Midwest traditions, as you loop around to the Great River Road or follow the byway toward Chicago.",https://www.enjoyillinois.com/assets/Images/Scenic-Drives-+-Roadside-Attractions/Lincoln-Highway-Pavilion-Aurora__FocusFillWyIwLjAwIiwiMC4wMCIsMTgyNCwxMDAwXQ.jpg,Enjoy Illinois,Scienic Byways,drive clear across northern illinois nation first successful coast coast highway indiana border west toward mighty mississippi find adventure filled variety rich history heritage enjoy mile rolling farmland classic midwest tradition loop around great river road follow byway toward chicago
6. Ohio River Scenic Byway,Take the scenic route to some of Illinois' best outdoor adventures as you wind your way along country roads and through theShawnee National Foreston the Ohio River Scenic Byway. Travel the 188 miles around the southern tip of Illinois to experience some of the very best scenic views and outdoor destinations in the state.,https://www.enjoyillinois.com/assets/Images/Outdoor-Activities/Spring/Summer/Pine-Hills-Shawnee-National-Forest__FocusFillWyItMC4xMyIsIjAuMTEiLDE4MjQsMTAwMF0.jpeg,Enjoy Illinois,Scienic Byways,take scenic route illinois ' best outdoor adventure wind way along country road theshawnee national foreston ohio river scenic byway travel mile around southern tip illinois experience best scenic view outdoor destination state
7. Historic National Road,"America’s first highway,the Historic National Road, stretches 164 miles from Marshall to East St. Louis. The Historic National Highway played a pivotal role in uniting the country and promoting interstate commerce. Visit prehistoric cities, Victorian architecture and Midwest small town America along the way.",https://www.enjoyillinois.com/assets/Images/Scenic-Drives-+-Roadside-Attractions/Brooks-Catsup-Bottle-Collinsville__FocusFillWyIwLjMxIiwiLTAuNzYiLDE4MjQsMTAwMF0.jpeg,Enjoy Illinois,Scienic Byways,america first highway historic national road stretch mile marshall east st louis historic national highway played pivotal role uniting country promoting interstate commerce visit prehistoric city victorian architecture midwest small town america along way
St. Charles Historic Walking Tour,Come explore the History of St. Charles on a self-guided tour that takes you through the decades of St. Charles history with 27 locations. Grab a…,https://enjoyillinois.dottie.io/assets/Tourism-Operators/images/143__FocusFillWyIwLjAwIiwiMC4wMCIsMzg0LDQ2NF0.JPG,Enjoy Illinois,"History, Art & Culture Tours",come explore history st charles self guided tour take decade st charles history location grab a…
Effingham County Veteran's Memorial,The Effingham County Veteran's Memorial wall is dedicated to all the men and women who served from all five branches of the armed forces. The names…,https://enjoyillinois.dottie.io/assets/Tourism-Operators/images/VetwallHero__FocusFillWyIwLjAwIiwiMC4wMCIsMzg0LDQ2NF0.jpg,Enjoy Illinois,"History, Art & Culture Tours",effingham county veteran 's memorial wall dedicated men woman served five branch armed force names…
St. Charles Municipal Building,"The St. Charles Municipal Building was designed in 1940 by architects R. Harold Zook. Art deco was an inspiration for the Municipal Building, but the end…",https://enjoyillinois.dottie.io/assets/Tourism-Operators/images/StCharles-Scarecrow-Fest-River-Chris-Peak-Give-Credit-for-online-and-notice-if-in-Print-so-he-can-have-a-copy-2-1920x1081__FocusFillWyIwLjAwIiwiMC4wMCIsMzg0LDQ2NF0.jpg,Enjoy Illinois,"History, Art & Culture Tours",st charles municipal building designed architect r harold zook art deco inspiration municipal building end…
Old Main at Knox College,Nowhere on the Knox campus are the history and the ideals of the College so intertwined with the modern-day work of faculty and students as in…,https://enjoyillinois.dottie.io/assets/Tourism-Operators/images/KK-Lincoln-Douglas-Old-Main-1__FocusFillWyIwLjAwIiwiMC4wMCIsMzg0LDQ2NF0.jpg,Enjoy Illinois,"History, Art & Culture Tours",nowhere knox campus history ideal college intertwined modern day work faculty student in…
Paramount Theatre,"World-class entertainment—including dance, music, Broadway-caliber theatre, and children’s programming.",https://enjoyillinois.dottie.io/assets/Tourism-Operators/images/Paramount-Little-Mermaid-1__FocusFillWyIwLjAwIiwiMC4wMCIsMzg0LDQ2NF0.jpg,Enjoy Illinois,"History, Art & Culture Tours",world class entertainment including dance music broadway caliber theatre child programming
Champaign County History Museum,Come see various exhibits and artifacts that hold true to the history that is Champaign County.,https://enjoyillinois.dottie.io/assets/Tourism-Operators/images/Cattle-Bank-Cleaned-Version2__FocusFillWyIwLjAwIiwiMC4wMCIsMzg0LDQ2NF0.JPG,Enjoy Illinois,"History, Art & Culture Tours",come see various exhibit artifact hold true history champaign county
Lincoln & Civil War Legacy Trail,"Walk in the footsteps of Abraham and Mary Todd Lincoln, and Civil War soldiers from both North and South.",https://enjoyillinois.dottie.io/assets/Tourism-Operators/images/Lincoln-Civil-Way-Legacy-Trail__FocusFillWyIwLjAwIiwiMC4wMCIsMzg0LDQ2NF0.jpg,Enjoy Illinois,"History, Art & Culture Tours",walk footstep abraham mary todd lincoln civil war soldier north south
Timber Lake Playhouse,Timber Lake Playhouse is Illinois' oldest continuously-running professional summer stock theatre. They offer live theater productions May-Sept. Reservations required.,https://enjoyillinois.dottie.io/assets/Tourism-Operators/images/TLP-2__FocusFillWyIwLjAwIiwiMC4wMCIsMzg0LDQ2NF0.jpg,Enjoy Illinois,"History, Art & Culture Tours",timber lake playhouse illinois ' oldest continuously running professional summer stock theatre offer live theater production may sept reservation required
Bishop Hill State Historic Site,Bishop Hill State Historic Site is an open-air museum. Visit Utopia on the Prairie.,https://enjoyillinois.dottie.io/assets/Tourism-Operators/images/Bishop-Hill-Illinois__FocusFillWyIwLjAwIiwiMC4wMCIsMzg0LDQ2NF0.JPG,Enjoy Illinois,"History, Art & Culture Tours",bishop hill state historic site open air museum visit utopia prairie
The Trail of Tears,"The Trail of Tears through southern Illinois stretches nearly sixty miles long. Original route segments exist as State Highway 146, lesser traveled county roads, and abandoned…",https://enjoyillinois.dottie.io/assets/Tourism-Operators/images/Alt-Main-Camp-Ground-Church-1920x1081__FocusFillWyIwLjAwIiwiMC4wMCIsMzg0LDQ2NF0.jpg,Enjoy Illinois,"History, Art & Culture Tours",trail tear southern illinois stretch nearly sixty mile long original route segment exist state highway lesser traveled county road abandoned…
Historic Nauvoo Visitor's Center,"Begin your exploration of historic Nauvoo here! Gather information on the restored homes, shops, and religious buildings in Historic Nauvoo and register for guided tours to…",https://enjoyillinois.dottie.io/assets/Tourism-Operators/images/Historic-Nauvoo-Visitor-Center__FocusFillWyIwLjAwIiwiMC4wMCIsMzg0LDQ2NF0.jpg,Enjoy Illinois,"History, Art & Culture Tours",begin exploration historic nauvoo gather information restored home shop religious building historic nauvoo register guided tour to…
Route History Museum & Souvenir Shop,"At Route History visitors can experience and learn about pioneers that made significant contributions to Illinois, the city of Springfield, the  greater society, located along…",https://enjoyillinois.dottie.io/assets/Tourism-Operators/images/Lathan-1__FocusFillWyIwLjAwIiwiMC4wMCIsMzg0LDQ2NF0.JPG,Enjoy Illinois,"History, Art & Culture Tours",route history visitor experience learn pioneer made significant contribution illinois city springfield greater society located along…
Underground Railroad Shuttle Tours,"Discover the story of the Underground Railroad throughout Alton, IL.",https://enjoyillinois.dottie.io/assets/Tourism-Operators/images/Lovejoy-Grave-with-Eric-Robinson__FocusFillWyIwLjAwIiwiMC4wMCIsMzg0LDQ2NF0.jpg,Enjoy Illinois,"History, Art & Culture Tours",discover story underground railroad throughout alton il
Jacksonville's Underground Railroad Tour,See a variety of locations in Jacksonville that have connection to the Underground Railroad.,https://enjoyillinois.dottie.io/assets/Tourism-Operators/images/IMG-671__FocusFillWyIwLjAwIiwiMC4wMCIsMzg0LDQ2NF0.JPG,Enjoy Illinois,"History, Art & Culture Tours",see variety location jacksonville connection underground railroad
Venue 5126,"Venue 5126 is an elegant, rustic country barn venue, perfect for your upcoming wedding and reception!",https://enjoyillinois.dottie.io/assets/Tourism-Operators/images/EmersonCreekTeatoom-plate__FocusFillWyIwLjAwIiwiMC4wMCIsMzg0LDQ2NF0.jpg,Enjoy Illinois,"History, Art & Culture Tours",venue elegant rustic country barn venue perfect upcoming wedding reception
Galena Trolley Tours,Enjoy beautiful views as well as wonderful photo opportunities. Galena Trolley Tours has historically and architecturally narrated tours.  By far the most affordable trolley tours…,https://enjoyillinois.dottie.io/assets/Tourism-Operators/images/Galena-Trolley-Tours101-Large3__FocusFillWyIwLjAwIiwiMC4wMCIsMzg0LDQ2NF0.jpg,Enjoy Illinois,"History, Art & Culture Tours",enjoy beautiful view well wonderful photo opportunity galena trolley tour historically architecturally narrated tour far affordable trolley tours…
Beall Mansion Historic Tours,Take an exquisitely elegant tour of an early 20th-century mansion full of ornate rooms featuring antique furnishings,https://enjoyillinois.dottie.io/assets/Tourism-Operators/images/Beall-Mansion-Historic-Tours__FocusFillWyIwLjAwIiwiMC4wMCIsMzg0LDQ2NF0.jpg,Enjoy Illinois,"History, Art & Culture Tours",take exquisitely elegant tour early th century mansion full ornate room featuring antique furnishing
Bicentennial Plaza,"To mark Illinois' 200th birthday, the Bicentennial Plaza was developed in 2018 to create a walkway linking the Lincoln Home to the Governor's Mansion and State…",https://enjoyillinois.dottie.io/assets/Tourism-Operators/images/Bicentenial-Plaza__FocusFillWyIwLjAwIiwiMC4wMCIsMzg0LDQ2NF0.jpg,Enjoy Illinois,"History, Art & Culture Tours",mark illinois ' th birthday bicentennial plaza developed create walkway linking lincoln home governor 's mansion state…
Downtown Elgin Public Arts Tour,Take a walking tour through scenic downtown Elgin to see various pieces of art in mediums like sculpture and mural paintings. Many can be seen while…,https://enjoyillinois.dottie.io/assets/Tourism-Operators/images/Enjoy-Illinois-Photo__FocusFillWyIwLjAwIiwiMC4wMCIsMzg0LDQ2NF0.jpg,Enjoy Illinois,"History, Art & Culture Tours",take walking tour scenic downtown elgin see various piece art medium like sculpture mural painting many seen while…
Amboy Depot Museum,The Amboy Depot Museum is located in a former depot built in 1876 which served as the division headquarters of the Illinois Central Railroad located in…,https://enjoyillinois.dottie.io/assets/Tourism-Operators/images/Depot-Museum__FocusFillWyIwLjAwIiwiMC4wMCIsMzg0LDQ2NF0.jpg,Enjoy Illinois,"History, Art & Culture Tours",amboy depot museum located former depot built served division headquarters illinois central railroad located in…
Franklin Creek Grist Mill & Interpretive Center,"The Franklin Creek Grist Mill and Interpretive Center is a reconstructed, timber frame, four-story 1847 grist mill located within the Franklin Creek State Natural Area.",https://enjoyillinois.dottie.io/assets/Tourism-Operators/images/Franklin-Creek-Grist-Mill-main-sign__FocusFillWyIwLjAwIiwiMC4wMCIsMzg0LDQ2NF0.jpg,Enjoy Illinois,"History, Art & Culture Tours",franklin creek grist mill interpretive center reconstructed timber frame four story grist mill located within franklin creek state natural area
Shawnee Shuttle,A professional wine trail tour service offering private mini-van tours of southern Illinois for small groups of two to six adults.,https://enjoyillinois.dottie.io/assets/Tourism-Operators/images/wine-tasting-hi-res__FocusFillWyIwLjAwIiwiMC4wMCIsMzg0LDQ2NF0.jpg,Enjoy Illinois,"History, Art & Culture Tours",professional wine trail tour service offering private mini van tour southern illinois small group two six adult
Carl Sandburg State Historic Site,"Author-poet Carl Sandburg was born in the the three-room cottage at 331 E. Third Street in Galesburg on January 6, 1878.",https://enjoyillinois.dottie.io/assets/Tourism-Operators/images/SandburgBirthplace2__FocusFillWyIwLjAwIiwiMC4wMCIsMzg0LDQ2NF0.JPG,Enjoy Illinois,"History, Art & Culture Tours",author poet carl sandburg born three room cottage e third street galesburg january
Elgin Historic District,Let history envelope you through architectural buildings,https://enjoyillinois.dottie.io/assets/Tourism-Operators/images/Good-HT__FocusFillWyIwLjAwIiwiMC4wMCIsMzg0LDQ2NF0.JPG,Enjoy Illinois,"History, Art & Culture Tours",let history envelope architectural building
Historic Downtown Long Grove,"As Illinois’ oldest historic district, Long Grove is a quaint place to breathe easy, where historic architecture and colorful storefronts give way to a unique variety…",https://enjoyillinois.dottie.io/assets/Tourism-Operators/images/LongGroveTOMs__FocusFillWyIwLjAwIiwiMC4wMCIsMzg0LDQ2NF0.jpg,Enjoy Illinois,"History, Art & Culture Tours",illinois oldest historic district long grove quaint place breathe easy historic architecture colorful storefront give way unique variety…
